date,open,high,low,close,volume
2019-08-20 00:00:00+05:30,42.25,42.4,39.15,39.3,23491
2019-08-21 00:00:00+05:30,40.0,41.45,37.55,38.0,26549
2019-08-22 00:00:00+05:30,37.5,38.5,36.0,36.55,40540
2019-08-23 00:00:00+05:30,33.5,41.4,33.5,39.65,39667
2019-08-26 00:00:00+05:30,40.65,41.55,39.15,40.55,16544
2019-08-27 00:00:00+05:30,41.0,41.35,40.5,40.85,8483
2019-08-28 00:00:00+05:30,40.95,41.35,38.15,38.6,76583
2019-08-29 00:00:00+05:30,38.05,39.5,38.0,38.55,214271
2019-08-30 00:00:00+05:30,40.7,40.7,37.8,38.25,31137
2019-09-03 00:00:00+05:30,38.25,38.4,36.0,36.2,35536
2019-09-04 00:00:00+05:30,35.15,40.0,35.1,38.0,33492
2019-09-05 00:00:00+05:30,38.05,38.85,38.0,38.25,9266
2019-09-06 00:00:00+05:30,38.95,41.3,38.4,40.9,80771
2019-09-09 00:00:00+05:30,42.0,43.35,40.2,42.9,120153
2019-09-11 00:00:00+05:30,43.0,51.45,40.95,48.9,499390
2019-09-12 00:00:00+05:30,49.3,49.9,45.55,46.9,133293
2019-09-13 00:00:00+05:30,48.5,50.8,45.65,49.5,67925
2019-09-16 00:00:00+05:30,47.0,49.5,47.0,49.15,17002
2019-09-17 00:00:00+05:30,52.9,52.9,46.0,47.45,33508
2019-09-18 00:00:00+05:30,48.75,48.8,47.5,47.6,19681
2019-09-19 00:00:00+05:30,49.05,49.05,45.7,46.65,117917
2019-09-20 00:00:00+05:30,48.5,51.2,45.6,49.15,61071
2019-09-23 00:00:00+05:30,53.45,54.9,50.05,50.95,88292
2019-09-24 00:00:00+05:30,50.0,51.7,48.4,50.3,41030
2019-09-25 00:00:00+05:30,48.15,49.95,47.55,47.7,45151
2019-09-26 00:00:00+05:30,47.55,50.45,47.3,48.6,44230
2019-09-27 00:00:00+05:30,49.9,53.95,49.0,52.25,228781
2019-09-30 00:00:00+05:30,53.45,53.5,50.55,51.45,83803
2019-10-01 00:00:00+05:30,51.55,53.85,49.35,51.25,187324
2019-10-03 00:00:00+05:30,51.25,59.4,50.7,57.85,212532
2019-10-04 00:00:00+05:30,58.3,58.8,56.0,57.1,121622
2019-10-07 00:00:00+05:30,57.5,58.7,55.1,57.25,69312
2019-10-09 00:00:00+05:30,58.0,58.6,55.0,55.65,98693
2019-10-10 00:00:00+05:30,55.35,57.75,55.0,55.45,51193
2019-10-11 00:00:00+05:30,55.85,57.0,53.75,54.15,82075
2019-10-14 00:00:00+05:30,54.15,58.9,54.15,57.4,85711
2019-10-15 00:00:00+05:30,58.95,63.0,57.0,61.6,193200
2019-10-16 00:00:00+05:30,62.95,63.75,57.5,61.6,140953
2019-10-17 00:00:00+05:30,61.3,64.7,61.2,63.7,118983
2019-10-18 00:00:00+05:30,63.6,67.55,62.05,63.7,210968
2019-10-22 00:00:00+05:30,65.95,65.95,64.0,65.05,63354
2019-10-23 00:00:00+05:30,65.05,65.25,63.2,64.1,86585
2019-10-24 00:00:00+05:30,62.85,68.75,62.7,67.65,275899
2019-10-25 00:00:00+05:30,69.0,74.6,66.25,72.3,349993
2019-10-27 00:00:00+05:30,73.5,74.0,72.3,73.15,134525
2019-10-29 00:00:00+05:30,73.9,75.8,73.0,75.15,276386
2019-10-30 00:00:00+05:30,75.5,83.8,73.75,81.25,460797
2019-10-31 00:00:00+05:30,81.2,82.0,75.25,77.35,237570
2019-11-01 00:00:00+05:30,78.65,79.8,76.2,76.85,89961
2019-11-04 00:00:00+05:30,79.95,80.05,76.0,78.5,88509
2019-11-05 00:00:00+05:30,78.15,81.45,76.4,80.25,135128
2019-11-06 00:00:00+05:30,80.35,83.0,76.0,76.85,155279
2019-11-07 00:00:00+05:30,79.6,79.6,74.35,76.2,96434
2019-11-08 00:00:00+05:30,77.0,77.25,74.0,74.45,123015
2019-11-11 00:00:00+05:30,72.5,73.9,65.0,69.0,322463
2019-11-13 00:00:00+05:30,66.25,68.75,66.1,66.6,57130
2019-11-14 00:00:00+05:30,66.35,67.95,65.1,66.35,59925
2019-11-15 00:00:00+05:30,65.95,66.0,62.55,63.3,78925
2019-11-18 00:00:00+05:30,63.5,67.25,62.7,66.75,158565
2019-11-19 00:00:00+05:30,67.25,71.5,66.4,70.2,157607
2019-11-20 00:00:00+05:30,70.15,72.1,69.5,70.85,102499
2019-11-21 00:00:00+05:30,70.05,71.0,67.55,68.0,131675
2019-11-22 00:00:00+05:30,68.1,68.5,66.75,67.4,40208
2019-11-25 00:00:00+05:30,68.0,68.1,65.55,66.45,68351
2019-11-26 00:00:00+05:30,66.5,67.0,65.05,65.5,122640
2019-11-27 00:00:00+05:30,65.15,67.2,65.1,66.2,46951
2019-11-28 00:00:00+05:30,66.45,66.8,65.4,65.9,39092
2019-11-29 00:00:00+05:30,66.05,66.05,63.55,64.8,42902
2019-12-02 00:00:00+05:30,64.9,67.0,63.0,65.85,230423
2019-12-03 00:00:00+05:30,66.45,66.5,63.1,64.25,48928
2019-12-04 00:00:00+05:30,64.65,64.7,63.2,64.4,20137
2019-12-05 00:00:00+05:30,63.95,65.3,63.5,64.7,61133
2019-12-06 00:00:00+05:30,64.8,65.6,63.5,64.1,52151
2019-12-09 00:00:00+05:30,61.7,64.7,61.7,63.45,28454
2019-12-10 00:00:00+05:30,63.7,63.7,62.35,62.7,40670
2019-12-11 00:00:00+05:30,62.7,63.3,62.0,62.25,27311
2019-12-12 00:00:00+05:30,62.0,62.45,61.55,61.85,39486
2019-12-13 00:00:00+05:30,61.9,63.0,61.85,62.6,8043
2019-12-16 00:00:00+05:30,62.65,63.85,62.65,62.9,19556
2019-12-17 00:00:00+05:30,62.55,69.3,62.3,67.9,143432
2019-12-18 00:00:00+05:30,68.8,68.85,66.05,66.35,43824
2019-12-19 00:00:00+05:30,66.35,66.5,65.2,66.05,36295
2019-12-20 00:00:00+05:30,67.85,68.0,65.0,67.1,75389
2019-12-23 00:00:00+05:30,67.0,67.25,65.05,65.75,40378
2019-12-24 00:00:00+05:30,67.95,68.0,64.8,66.4,38029
2019-12-26 00:00:00+05:30,66.45,66.65,64.8,65.0,33404
2019-12-27 00:00:00+05:30,66.0,67.2,64.8,66.6,69348
2019-12-30 00:00:00+05:30,66.6,66.6,64.5,64.7,44926
2019-12-31 00:00:00+05:30,66.35,66.65,63.3,64.85,24348
2020-01-01 00:00:00+05:30,63.95,65.6,62.55,63.55,65739
2020-01-02 00:00:00+05:30,62.9,67.75,62.9,66.05,150764
2020-01-03 00:00:00+05:30,66.7,66.75,63.3,63.7,32830
2020-01-06 00:00:00+05:30,64.0,64.0,60.3,61.1,111665
2020-01-07 00:00:00+05:30,61.1,64.0,59.55,60.2,31177
2020-01-08 00:00:00+05:30,60.0,61.15,56.65,57.75,85561
2020-01-09 00:00:00+05:30,58.3,60.35,57.3,57.75,100421
2020-01-10 00:00:00+05:30,59.65,59.7,54.8,55.85,79177
2020-01-13 00:00:00+05:30,55.9,58.2,55.2,55.95,54875
2020-01-14 00:00:00+05:30,58.8,58.8,55.9,56.9,47225
2020-01-15 00:00:00+05:30,56.7,60.85,56.25,58.0,282638
2020-01-16 00:00:00+05:30,59.4,60.7,56.15,57.05,275264
2020-01-17 00:00:00+05:30,57.1,57.8,52.25,53.85,107779
2020-01-20 00:00:00+05:30,53.85,55.0,52.05,53.0,99233
2020-01-21 00:00:00+05:30,52.1,52.8,49.0,50.25,181626
2020-01-22 00:00:00+05:30,49.05,51.85,46.95,48.95,132980
2020-01-23 00:00:00+05:30,49.0,50.4,48.0,49.75,40020
2020-01-24 00:00:00+05:30,50.95,59.05,49.05,57.4,383123
2020-01-27 00:00:00+05:30,58.45,60.4,56.55,57.75,214334
2020-01-28 00:00:00+05:30,58.65,58.65,54.15,54.75,140591
2020-01-29 00:00:00+05:30,56.9,57.0,54.3,56.15,50207
2020-01-30 00:00:00+05:30,54.3,56.3,53.1,55.3,44956
2020-01-31 00:00:00+05:30,55.55,56.75,54.35,54.85,12551
2020-02-01 00:00:00+05:30,56.0,56.0,51.75,52.15,40960
2020-02-03 00:00:00+05:30,52.5,55.6,50.95,51.5,51243
2020-02-04 00:00:00+05:30,53.0,55.75,51.95,52.85,79641
2020-02-05 00:00:00+05:30,53.75,55.4,52.3,54.2,51472
2020-02-06 00:00:00+05:30,55.6,58.45,53.05,55.8,62280
2020-02-07 00:00:00+05:30,56.7,56.9,53.5,55.35,25775
2020-02-10 00:00:00+05:30,55.35,57.05,53.5,55.9,117527
2020-02-11 00:00:00+05:30,56.05,58.5,55.9,56.25,50227
2020-02-12 00:00:00+05:30,56.2,58.0,55.95,56.9,29855
2020-02-13 00:00:00+05:30,56.0,63.2,55.7,61.35,304670
2020-02-14 00:00:00+05:30,61.9,62.9,60.4,61.7,71215
2020-02-17 00:00:00+05:30,61.95,62.0,57.45,57.85,66656
2020-02-18 00:00:00+05:30,57.9,58.55,56.0,57.8,51213
2020-02-19 00:00:00+05:30,57.8,59.0,56.95,57.7,37625
2020-02-20 00:00:00+05:30,57.55,59.0,56.75,58.25,107733
2020-02-24 00:00:00+05:30,58.4,58.4,55.05,55.45,32057
2020-02-25 00:00:00+05:30,56.7,56.7,55.3,55.85,20826
2020-02-26 00:00:00+05:30,55.5,56.6,54.95,55.7,63123
2020-02-27 00:00:00+05:30,55.5,56.15,54.7,55.6,159322
2020-02-28 00:00:00+05:30,54.0,54.5,50.75,52.4,103329
2020-03-02 00:00:00+05:30,56.4,62.5,48.55,50.1,100567
2020-03-03 00:00:00+05:30,51.9,53.0,48.0,49.95,69347
2020-03-04 00:00:00+05:30,49.5,50.3,43.0,46.85,154469
2020-03-05 00:00:00+05:30,46.15,49.45,45.9,48.1,34496
2020-03-06 00:00:00+05:30,45.6,47.95,45.55,47.2,55382
2020-03-09 00:00:00+05:30,46.0,46.0,42.0,43.7,135539
2020-03-11 00:00:00+05:30,43.55,45.0,42.8,44.15,74079
2020-03-12 00:00:00+05:30,43.0,43.0,37.65,39.25,271032
2020-03-13 00:00:00+05:30,33.15,45.0,31.4,40.1,112162
2020-03-16 00:00:00+05:30,40.8,40.8,35.2,36.1,74978
2020-03-17 00:00:00+05:30,36.6,39.5,35.0,37.3,94437
2020-03-18 00:00:00+05:30,38.75,38.75,31.0,34.5,103763
2020-03-19 00:00:00+05:30,30.3,34.15,28.1,30.5,207342
2020-03-20 00:00:00+05:30,30.5,33.55,30.5,33.05,70480
2020-03-23 00:00:00+05:30,30.1,31.25,29.75,29.75,78445
2020-03-24 00:00:00+05:30,27.3,32.7,27.3,31.45,125934
2020-03-25 00:00:00+05:30,30.0,33.5,29.6,32.4,37663
2020-03-26 00:00:00+05:30,32.95,35.5,32.95,35.1,64826
2020-03-27 00:00:00+05:30,35.1,38.6,32.45,33.2,75158
2020-03-30 00:00:00+05:30,32.0,34.5,32.0,34.0,65702
2020-03-31 00:00:00+05:30,35.95,36.55,34.35,35.25,39638
2020-04-01 00:00:00+05:30,36.9,36.9,34.6,35.0,25769
2020-04-03 00:00:00+05:30,35.0,37.8,34.0,35.8,15340
2020-04-07 00:00:00+05:30,37.55,38.95,35.1,38.25,53334
2020-04-08 00:00:00+05:30,36.1,39.45,35.2,36.3,64803
2020-04-09 00:00:00+05:30,38.45,40.45,36.5,39.6,49445
2020-04-13 00:00:00+05:30,42.0,42.0,38.05,38.75,20145
2020-04-15 00:00:00+05:30,38.15,40.0,38.1,38.4,18930
2020-04-16 00:00:00+05:30,38.15,39.95,38.0,39.4,13437
2020-04-17 00:00:00+05:30,40.65,42.0,39.45,40.95,42446
2020-04-20 00:00:00+05:30,42.25,42.25,39.4,39.95,26060
2020-04-21 00:00:00+05:30,39.0,39.15,37.5,37.8,25779
2020-04-22 00:00:00+05:30,37.1,39.9,37.05,39.4,14399
2020-04-23 00:00:00+05:30,39.95,41.95,38.55,41.7,18158
2020-04-24 00:00:00+05:30,41.7,44.8,40.25,42.7,77889
2020-04-27 00:00:00+05:30,43.95,44.0,42.75,43.55,15083
2020-04-28 00:00:00+05:30,43.1,44.45,41.1,44.05,40124
2020-04-29 00:00:00+05:30,44.55,45.6,43.2,44.1,38646
2020-04-30 00:00:00+05:30,45.75,45.8,42.55,43.05,155738
2020-05-04 00:00:00+05:30,42.8,42.8,38.55,39.1,41261
2020-05-05 00:00:00+05:30,39.95,40.5,37.2,38.45,58743
2020-05-06 00:00:00+05:30,38.0,39.0,37.2,37.5,59891
2020-05-07 00:00:00+05:30,38.8,38.8,37.05,37.5,24612
2020-05-08 00:00:00+05:30,37.8,38.7,37.05,37.4,17089
2020-05-11 00:00:00+05:30,37.5,38.8,37.05,37.35,37361
2020-05-12 00:00:00+05:30,37.1,37.8,36.3,37.4,14135
2020-05-13 00:00:00+05:30,38.95,39.0,37.55,38.1,24997
2020-05-14 00:00:00+05:30,39.0,39.0,36.25,36.85,21696
2020-05-15 00:00:00+05:30,36.4,37.7,36.3,36.7,18698
2020-05-18 00:00:00+05:30,36.25,36.7,34.6,35.05,41625
2020-05-19 00:00:00+05:30,35.2,36.55,34.0,34.45,26896
2020-05-20 00:00:00+05:30,35.0,38.45,33.8,36.25,111989
2020-05-21 00:00:00+05:30,36.55,37.75,35.35,35.85,17576
2020-05-22 00:00:00+05:30,35.25,36.6,35.1,35.55,7934
2020-05-26 00:00:00+05:30,36.9,36.95,35.05,35.75,17420
2020-05-27 00:00:00+05:30,35.9,41.45,35.55,40.0,117978
2020-05-28 00:00:00+05:30,41.9,41.9,39.05,39.8,77133
2020-05-29 00:00:00+05:30,39.35,41.75,38.2,40.8,72947
2020-06-01 00:00:00+05:30,41.05,45.75,41.05,44.1,319117
2020-06-02 00:00:00+05:30,46.0,46.0,41.55,43.75,155838
2020-06-03 00:00:00+05:30,46.0,47.4,42.35,42.85,214256
2020-06-04 00:00:00+05:30,43.85,43.85,40.8,43.2,85310
2020-06-05 00:00:00+05:30,44.45,44.45,42.1,42.3,89491
2020-06-08 00:00:00+05:30,43.35,44.8,42.0,43.25,143093
2020-06-09 00:00:00+05:30,44.45,44.45,42.0,42.35,109376
2020-06-10 00:00:00+05:30,42.6,44.05,42.0,43.55,97588
2020-06-11 00:00:00+05:30,43.8,47.4,42.7,45.1,217845
2020-06-12 00:00:00+05:30,42.0,48.45,42.0,45.95,185374
2020-06-15 00:00:00+05:30,46.5,48.25,45.2,47.45,119973
2020-06-16 00:00:00+05:30,48.5,48.95,44.1,44.8,128113
2020-06-17 00:00:00+05:30,46.85,46.95,44.7,45.2,122957
2020-06-18 00:00:00+05:30,46.5,47.2,44.95,46.4,70714
2020-06-19 00:00:00+05:30,46.1,49.0,45.8,47.7,117392
2020-06-22 00:00:00+05:30,49.9,51.8,48.35,50.3,166725
2020-06-23 00:00:00+05:30,51.0,51.35,48.9,50.05,64544
2020-06-24 00:00:00+05:30,51.8,53.95,51.0,51.55,258080
2020-06-25 00:00:00+05:30,51.05,52.0,49.55,51.1,104160
2020-06-26 00:00:00+05:30,51.9,52.1,50.4,50.55,78307
2020-06-29 00:00:00+05:30,50.5,50.5,48.05,49.45,79824
2020-06-30 00:00:00+05:30,50.5,50.5,48.0,49.05,48895
2020-07-01 00:00:00+05:30,50.0,50.4,48.35,48.85,103504
2020-07-02 00:00:00+05:30,48.6,51.8,48.0,51.0,121084
2020-07-03 00:00:00+05:30,51.6,51.6,48.85,49.35,116171
2020-07-06 00:00:00+05:30,49.9,50.75,48.7,48.95,116770
2020-07-07 00:00:00+05:30,50.0,50.0,47.85,48.1,40077
2020-07-08 00:00:00+05:30,48.5,48.5,46.5,47.3,59697
2020-07-09 00:00:00+05:30,47.35,49.4,46.55,47.55,40538
2020-07-10 00:00:00+05:30,47.55,48.4,46.55,47.25,94859
2020-07-13 00:00:00+05:30,47.25,47.8,46.0,46.25,59835
2020-07-14 00:00:00+05:30,46.25,49.8,45.85,48.95,255966
2020-07-15 00:00:00+05:30,50.2,52.5,48.6,49.9,254513
2020-07-16 00:00:00+05:30,50.0,55.0,50.0,54.05,329377
2020-07-17 00:00:00+05:30,54.9,54.9,51.3,53.8,210123
2020-07-20 00:00:00+05:30,52.5,54.5,51.75,52.25,76778
2020-07-21 00:00:00+05:30,53.8,53.8,50.75,51.5,70550
2020-07-22 00:00:00+05:30,52.15,53.45,50.6,51.2,110729
2020-07-23 00:00:00+05:30,50.7,53.5,50.5,52.7,49414
2020-07-24 00:00:00+05:30,52.1,53.8,51.0,51.4,65667
2020-07-27 00:00:00+05:30,51.85,51.85,49.0,49.4,62434
2020-07-28 00:00:00+05:30,50.45,50.45,48.25,49.7,35383
2020-07-29 00:00:00+05:30,49.2,50.3,48.6,49.0,34848
2020-07-30 00:00:00+05:30,49.9,49.9,47.05,47.7,37241
2020-07-31 00:00:00+05:30,48.0,48.0,46.5,47.5,45491
2020-08-03 00:00:00+05:30,49.8,49.8,46.0,46.2,58362
2020-08-04 00:00:00+05:30,46.2,54.35,46.2,52.25,487009
2020-08-05 00:00:00+05:30,54.7,56.95,53.05,56.75,470377
2020-08-06 00:00:00+05:30,57.0,57.0,55.75,56.6,306679
2020-08-07 00:00:00+05:30,56.8,57.0,55.4,56.9,152404
2020-08-10 00:00:00+05:30,57.0,57.0,56.0,56.95,288427
2020-08-11 00:00:00+05:30,56.85,56.9,55.0,55.35,105005
2020-08-12 00:00:00+05:30,55.8,56.7,55.1,55.95,69687
2020-10-01 00:00:00+05:30,51.5,51.9,50.5,51.15,37049
2020-10-05 00:00:00+05:30,51.75,52.0,50.2,50.3,29129
2020-10-06 00:00:00+05:30,50.8,50.8,48.75,49.7,69919
2020-10-07 00:00:00+05:30,50.6,50.6,48.55,49.25,40440
2020-10-08 00:00:00+05:30,49.5,50.4,49.05,49.95,56393
2020-10-09 00:00:00+05:30,50.95,50.95,48.55,48.85,43394
2020-10-12 00:00:00+05:30,52.45,52.45,48.0,48.25,28455
2020-10-13 00:00:00+05:30,48.7,49.05,48.0,48.05,28617
2020-10-14 00:00:00+05:30,47.5,48.8,47.5,48.0,16233
2020-10-15 00:00:00+05:30,49.3,49.3,47.4,47.65,72203
2020-10-16 00:00:00+05:30,49.9,49.9,45.5,46.65,91132
2020-10-19 00:00:00+05:30,49.5,49.5,46.35,47.8,84798
2020-10-20 00:00:00+05:30,48.8,48.8,47.15,47.4,32715
2020-10-21 00:00:00+05:30,48.15,48.2,47.15,47.6,26383
2020-10-22 00:00:00+05:30,48.0,48.25,46.95,47.35,60853
2020-10-23 00:00:00+05:30,47.4,48.0,46.7,47.0,39250
2020-10-26 00:00:00+05:30,47.9,47.95,46.05,47.1,40199
2020-10-27 00:00:00+05:30,47.5,48.0,46.05,46.45,24942
2020-10-28 00:00:00+05:30,46.5,46.85,45.8,46.2,21343
2020-10-29 00:00:00+05:30,45.6,46.7,45.2,46.2,31949
2020-10-30 00:00:00+05:30,46.4,46.6,45.6,46.0,23583
2020-11-02 00:00:00+05:30,46.6,46.6,45.3,45.85,28204
2020-11-03 00:00:00+05:30,45.45,45.9,44.9,45.0,43128
2020-11-04 00:00:00+05:30,45.15,45.9,44.9,45.2,22289
2020-11-05 00:00:00+05:30,45.0,45.85,44.7,45.05,32225
2020-11-06 00:00:00+05:30,45.65,45.65,41.8,43.9,80933
2020-11-09 00:00:00+05:30,44.4,45.05,44.0,44.2,51774
2020-11-10 00:00:00+05:30,45.1,47.9,44.75,45.5,81188
2020-11-11 00:00:00+05:30,45.5,46.9,44.55,45.2,30900
2020-11-12 00:00:00+05:30,45.6,45.85,44.6,45.25,41461
2020-11-13 00:00:00+05:30,47.75,47.8,45.5,46.65,119757
2020-11-14 00:00:00+05:30,46.65,47.9,46.5,47.55,27765
2020-11-17 00:00:00+05:30,48.45,48.45,46.1,47.85,82977
2020-11-18 00:00:00+05:30,48.0,50.15,46.5,49.85,152532
2020-11-19 00:00:00+05:30,49.85,50.4,47.9,48.05,85835
2020-11-20 00:00:00+05:30,49.75,49.75,47.0,47.15,50847
2020-11-23 00:00:00+05:30,48.75,48.75,46.85,47.1,36383
2020-11-24 00:00:00+05:30,47.5,48.5,46.5,47.3,48842
2020-11-25 00:00:00+05:30,48.0,48.0,46.0,46.3,62151
2020-11-26 00:00:00+05:30,47.25,47.25,46.3,47.0,24120
2020-11-27 00:00:00+05:30,47.2,47.2,45.95,46.65,75309
2020-12-01 00:00:00+05:30,47.25,47.25,46.2,46.65,68169
2020-12-02 00:00:00+05:30,46.6,47.35,46.45,46.9,82529
2020-12-03 00:00:00+05:30,46.9,47.2,46.5,47.0,99765
2020-12-04 00:00:00+05:30,47.5,49.7,47.5,48.45,202817
2020-12-07 00:00:00+05:30,49.9,49.9,47.75,48.65,123262
2020-12-08 00:00:00+05:30,49.9,49.9,47.45,48.0,152752
2020-12-09 00:00:00+05:30,47.9,48.25,47.2,47.45,82527
2020-12-10 00:00:00+05:30,47.05,47.2,45.95,46.7,115393
2020-12-11 00:00:00+05:30,47.45,47.45,46.15,46.45,69131
2020-12-14 00:00:00+05:30,46.15,55.7,45.75,54.5,689805
2020-12-15 00:00:00+05:30,56.7,59.85,50.55,56.6,1234716
2020-12-16 00:00:00+05:30,57.05,61.4,55.8,58.2,619648
2020-12-17 00:00:00+05:30,58.65,60.2,57.5,58.4,266608
2020-12-18 00:00:00+05:30,57.5,58.0,55.0,56.3,160425
2020-12-21 00:00:00+05:30,56.0,58.0,51.65,52.5,247616
2020-12-22 00:00:00+05:30,51.05,55.0,50.85,52.2,286975
2020-12-23 00:00:00+05:30,52.2,55.0,51.9,53.45,241023
2020-12-24 00:00:00+05:30,53.95,55.3,52.2,52.95,113700
2020-12-28 00:00:00+05:30,53.0,54.95,53.0,53.75,98204
2020-12-29 00:00:00+05:30,53.65,54.75,52.0,53.45,76093
2020-12-30 00:00:00+05:30,53.5,57.5,52.3,56.35,317609
2020-12-31 00:00:00+05:30,57.0,62.05,56.6,57.85,1020862
2021-01-01 00:00:00+05:30,56.8,58.95,56.5,57.5,159038
2021-01-04 00:00:00+05:30,58.2,58.95,57.0,58.4,240419
2021-01-05 00:00:00+05:30,58.4,63.0,57.85,60.3,809608
2021-01-06 00:00:00+05:30,61.8,62.85,59.05,61.25,567242
2021-01-07 00:00:00+05:30,62.05,62.7,58.65,59.45,408370
2021-01-08 00:00:00+05:30,60.2,60.9,59.0,59.6,207079
2021-01-11 00:00:00+05:30,60.0,69.5,60.0,65.95,2401930
2021-01-12 00:00:00+05:30,66.4,68.4,63.0,63.5,929267
2021-01-13 00:00:00+05:30,64.1,64.65,59.9,61.45,519458
2021-01-14 00:00:00+05:30,61.9,64.3,60.75,62.5,406774
2021-01-15 00:00:00+05:30,63.0,63.25,60.0,60.95,183096
2021-01-18 00:00:00+05:30,62.0,62.9,59.05,59.9,142812
2021-01-19 00:00:00+05:30,60.8,61.85,59.5,60.0,117528
2021-01-20 00:00:00+05:30,60.8,61.45,60.0,60.5,275970
2021-01-21 00:00:00+05:30,61.25,61.25,57.55,58.0,189665
2021-01-22 00:00:00+05:30,58.7,59.0,55.6,56.6,204074
2021-01-25 00:00:00+05:30,57.55,58.2,55.6,56.1,113482
2021-01-27 00:00:00+05:30,58.6,59.0,56.0,57.75,188756
2021-01-28 00:00:00+05:30,57.75,59.2,57.0,57.75,412972
2021-01-29 00:00:00+05:30,58.1,59.3,55.2,56.6,592550
2021-02-01 00:00:00+05:30,57.4,57.9,54.8,57.4,453751
2021-02-02 00:00:00+05:30,57.4,59.5,56.0,57.05,424667
2021-02-03 00:00:00+05:30,58.15,60.0,56.65,58.85,255131
2021-02-04 00:00:00+05:30,59.8,61.0,58.6,58.8,218274
2021-02-05 00:00:00+05:30,58.6,59.55,57.3,58.05,99438
2021-02-08 00:00:00+05:30,59.9,60.95,57.0,57.3,233027
2021-02-09 00:00:00+05:30,57.85,61.0,57.05,58.45,420115
2021-02-10 00:00:00+05:30,58.9,59.7,57.55,58.05,411479
2021-02-11 00:00:00+05:30,58.5,59.7,57.55,58.0,266703
2021-02-12 00:00:00+05:30,58.45,59.15,57.7,57.85,273475
2021-02-15 00:00:00+05:30,58.0,59.25,57.2,57.75,235834
2021-02-16 00:00:00+05:30,57.75,59.1,57.05,57.35,269120
2021-02-17 00:00:00+05:30,57.5,58.2,56.55,57.05,172158
2021-02-18 00:00:00+05:30,57.05,57.8,55.55,55.9,142827
2021-02-19 00:00:00+05:30,56.0,57.3,55.15,55.35,317046
2021-02-22 00:00:00+05:30,56.3,56.65,52.85,53.15,562295
2021-02-23 00:00:00+05:30,53.05,54.85,52.55,53.1,374508
2021-02-24 00:00:00+05:30,53.1,54.9,53.1,54.3,328302
2021-02-25 00:00:00+05:30,54.85,56.45,54.6,55.9,912764
2021-02-26 00:00:00+05:30,55.45,55.5,53.05,54.05,1038527
2021-03-01 00:00:00+05:30,54.15,54.8,51.35,52.6,772351
2021-03-02 00:00:00+05:30,52.9,53.35,52.4,53.05,91739
2021-03-03 00:00:00+05:30,53.5,54.55,52.75,54.05,158486
2021-03-04 00:00:00+05:30,54.05,58.6,53.1,57.7,738434
2021-03-05 00:00:00+05:30,57.75,62.5,56.05,61.1,1664903
2021-03-08 00:00:00+05:30,62.0,66.9,59.2,60.85,1610328
2021-03-09 00:00:00+05:30,60.85,62.75,56.7,58.25,1004842
2021-03-10 00:00:00+05:30,58.8,59.7,57.6,59.1,434827
2021-03-12 00:00:00+05:30,59.95,61.2,56.05,57.25,512250
2021-03-15 00:00:00+05:30,58.0,58.0,55.1,56.45,667267
2021-03-16 00:00:00+05:30,56.9,58.7,56.6,57.05,491380
2021-03-17 00:00:00+05:30,57.95,60.7,56.65,58.7,786950
2021-03-18 00:00:00+05:30,59.85,59.95,56.25,56.85,580649
2021-03-19 00:00:00+05:30,56.05,60.7,55.15,58.9,647077
2021-03-22 00:00:00+05:30,59.4,65.85,59.4,64.6,1765491
2021-03-23 00:00:00+05:30,65.9,73.3,65.55,70.7,2308555
2021-03-24 00:00:00+05:30,71.3,71.95,67.25,67.9,754646
2021-03-25 00:00:00+05:30,67.2,67.5,64.8,66.35,474256
2021-03-26 00:00:00+05:30,68.0,72.0,66.5,71.1,614187
2021-03-30 00:00:00+05:30,71.9,72.0,68.0,69.25,202083
2021-03-31 00:00:00+05:30,68.6,71.5,67.8,69.8,205611
2021-04-01 00:00:00+05:30,70.25,71.8,69.0,70.65,310775
2021-04-05 00:00:00+05:30,71.0,71.0,67.05,68.55,207017
2021-04-06 00:00:00+05:30,68.55,69.2,66.0,66.6,193701
2021-04-07 00:00:00+05:30,67.45,68.3,65.4,66.9,238496
2021-04-08 00:00:00+05:30,67.25,70.75,67.25,69.2,334310
2021-04-09 00:00:00+05:30,69.0,69.25,67.2,67.6,134025
2021-04-12 00:00:00+05:30,67.35,67.35,62.0,62.95,428964
2021-04-13 00:00:00+05:30,62.95,65.9,62.55,64.5,157764
2021-04-15 00:00:00+05:30,63.5,68.45,63.05,65.9,233649
2021-04-16 00:00:00+05:30,65.5,67.65,63.75,64.1,142919
2021-04-19 00:00:00+05:30,63.0,65.7,62.4,65.05,143123
2021-04-20 00:00:00+05:30,65.25,66.2,61.5,62.05,261216
2021-04-22 00:00:00+05:30,62.8,64.5,62.1,64.0,98725
2021-04-23 00:00:00+05:30,63.0,64.8,63.0,64.15,78269
2021-04-26 00:00:00+05:30,65.0,65.4,63.0,63.5,86592
2021-04-27 00:00:00+05:30,64.65,65.7,63.6,65.3,173069
2021-04-28 00:00:00+05:30,66.2,66.6,64.2,64.95,158245
2021-04-29 00:00:00+05:30,63.95,65.65,63.9,64.4,86598
2021-04-30 00:00:00+05:30,64.4,65.8,63.5,63.6,108924
2021-05-03 00:00:00+05:30,62.55,65.1,62.5,64.45,163078
2021-05-04 00:00:00+05:30,65.5,65.5,62.9,63.3,120205
2021-05-05 00:00:00+05:30,63.3,64.4,62.8,63.45,90510
2021-05-06 00:00:00+05:30,64.0,64.85,60.95,63.95,425012
2021-05-07 00:00:00+05:30,64.45,67.95,63.45,66.2,481910
2021-05-10 00:00:00+05:30,67.9,71.05,66.75,69.1,880424
2021-05-11 00:00:00+05:30,69.0,71.3,67.2,69.2,373267
2021-05-12 00:00:00+05:30,69.9,72.0,68.2,69.75,349109
2021-05-14 00:00:00+05:30,70.45,70.6,66.9,67.85,247945
2021-05-17 00:00:00+05:30,69.0,77.7,68.0,75.8,1498858
2021-05-18 00:00:00+05:30,77.75,78.8,71.65,74.1,2154905
2021-05-19 00:00:00+05:30,74.35,77.0,72.5,73.55,685952
2021-05-20 00:00:00+05:30,74.8,74.8,72.0,72.65,257618
2021-05-21 00:00:00+05:30,72.85,74.7,72.5,73.2,277157
2021-05-24 00:00:00+05:30,73.95,74.85,72.3,72.9,265203
2021-05-25 00:00:00+05:30,74.35,75.0,72.05,72.5,333256
2021-05-26 00:00:00+05:30,72.55,73.45,69.65,70.15,455646
2021-05-27 00:00:00+05:30,70.95,71.65,69.4,69.7,331196
2021-05-28 00:00:00+05:30,71.0,72.8,67.6,68.85,384299
2021-05-31 00:00:00+05:30,69.9,70.4,68.7,68.9,205611
2021-06-01 00:00:00+05:30,68.9,69.9,67.55,67.9,214528
2021-06-02 00:00:00+05:30,68.9,76.3,67.55,74.1,1225645
2021-06-03 00:00:00+05:30,76.25,76.4,73.5,74.1,483853
2021-06-04 00:00:00+05:30,74.45,75.25,73.0,74.2,228574
2021-06-07 00:00:00+05:30,74.15,74.75,73.9,74.5,203339
2021-06-08 00:00:00+05:30,74.95,75.35,71.9,72.75,319820
2021-06-09 00:00:00+05:30,73.8,73.95,70.9,71.35,239420
2021-06-10 00:00:00+05:30,73.4,73.4,71.1,72.25,234927
2021-06-11 00:00:00+05:30,72.25,74.4,71.25,72.55,309622
2021-06-14 00:00:00+05:30,73.65,80.35,71.6,77.35,1480119
2021-06-15 00:00:00+05:30,77.35,79.6,76.15,76.75,639290
2021-06-16 00:00:00+05:30,76.95,78.0,75.1,75.65,331041
2021-06-17 00:00:00+05:30,75.65,77.0,72.9,73.65,371811
2021-06-18 00:00:00+05:30,74.85,79.0,61.3,71.45,735134
2021-06-21 00:00:00+05:30,70.6,74.4,70.5,72.65,400915
2021-06-22 00:00:00+05:30,73.2,74.6,72.6,72.8,224182
2021-06-23 00:00:00+05:30,72.55,74.35,72.1,72.3,280554
2021-06-24 00:00:00+05:30,73.85,74.3,72.2,72.45,214835
2021-06-25 00:00:00+05:30,73.7,73.7,72.0,72.45,129720
2021-06-28 00:00:00+05:30,73.7,73.7,72.5,72.9,143767
2021-06-29 00:00:00+05:30,73.45,73.65,72.4,72.8,92189
2021-06-30 00:00:00+05:30,73.45,75.3,73.15,73.95,221446
2021-07-01 00:00:00+05:30,74.75,78.95,74.15,78.25,788661
2021-07-02 00:00:00+05:30,77.6,78.3,75.55,75.95,241627
2021-07-05 00:00:00+05:30,76.55,77.9,76.35,76.7,163893
2021-07-06 00:00:00+05:30,76.8,79.4,76.0,76.4,432848
2021-07-07 00:00:00+05:30,76.95,79.45,76.4,77.85,337680
2021-07-08 00:00:00+05:30,78.4,92.3,77.85,89.35,5944502
2021-07-09 00:00:00+05:30,90.0,95.25,87.35,93.55,2224455
2021-07-12 00:00:00+05:30,93.65,95.45,91.55,92.15,1226450
2021-07-13 00:00:00+05:30,93.1,98.5,91.7,97.0,1680567
2021-07-14 00:00:00+05:30,97.9,116.4,97.15,114.85,5412341
2021-07-15 00:00:00+05:30,115.0,115.8,104.0,104.8,1712399
2021-07-16 00:00:00+05:30,105.0,110.4,104.0,107.25,995373
2021-07-19 00:00:00+05:30,106.75,110.0,104.1,105.8,655251
2021-07-20 00:00:00+05:30,105.8,108.2,101.0,102.5,670342
2021-07-22 00:00:00+05:30,110.0,112.75,106.35,112.75,929799
2021-07-23 00:00:00+05:30,115.7,123.0,115.1,117.0,1557688
2021-07-26 00:00:00+05:30,117.25,127.9,117.25,119.7,1426649
2021-07-27 00:00:00+05:30,121.0,126.4,119.0,123.15,815011
2021-07-28 00:00:00+05:30,123.85,123.9,115.0,118.45,573468
2021-07-29 00:00:00+05:30,119.0,123.6,115.4,116.05,512478
2021-07-30 00:00:00+05:30,116.9,119.0,116.55,117.55,341136
2021-08-02 00:00:00+05:30,119.0,123.0,118.1,120.3,442931
2021-08-03 00:00:00+05:30,120.9,121.5,117.8,118.5,246098
2021-08-04 00:00:00+05:30,120.0,127.8,119.75,123.15,1047485
2021-08-05 00:00:00+05:30,123.8,123.9,116.5,121.25,428561
2021-08-06 00:00:00+05:30,122.5,126.7,119.1,120.25,1127131
2021-08-09 00:00:00+05:30,121.25,122.1,118.25,119.15,300835
2021-08-10 00:00:00+05:30,119.15,121.75,103.45,111.4,946598
2021-08-11 00:00:00+05:30,110.0,114.75,101.2,109.7,1010836
2021-08-12 00:00:00+05:30,110.8,121.0,110.8,119.05,838914
2021-08-13 00:00:00+05:30,116.0,120.4,111.65,112.65,937198
2021-08-16 00:00:00+05:30,114.0,114.25,106.1,107.1,433946
2021-08-17 00:00:00+05:30,107.8,108.95,105.2,106.8,315242
2021-08-18 00:00:00+05:30,108.0,108.35,103.75,104.45,252232
2021-08-20 00:00:00+05:30,101.0,103.95,99.55,100.75,420512
2021-08-23 00:00:00+05:30,101.5,103.0,87.65,91.5,1245491
2021-08-24 00:00:00+05:30,91.5,97.7,89.95,96.6,465193
2021-08-25 00:00:00+05:30,97.9,98.25,94.2,95.15,252084
2021-08-26 00:00:00+05:30,93.25,97.3,93.25,95.35,206348
2021-08-27 00:00:00+05:30,95.9,98.05,94.5,95.75,185198
2021-08-30 00:00:00+05:30,98.0,104.65,96.1,101.8,533769
2021-08-31 00:00:00+05:30,102.95,104.05,99.1,100.15,298529
2021-09-01 00:00:00+05:30,101.9,101.95,99.15,99.4,196633
2021-09-02 00:00:00+05:30,101.0,101.2,98.7,99.1,185560
2021-09-03 00:00:00+05:30,100.5,105.0,99.65,99.95,313026
2021-09-06 00:00:00+05:30,100.1,102.0,98.7,99.15,210282
2021-09-07 00:00:00+05:30,100.8,100.8,97.0,97.35,172794
2021-09-08 00:00:00+05:30,98.0,99.25,95.45,96.0,276159
2021-09-09 00:00:00+05:30,96.5,101.1,94.2,94.8,502732
2021-09-13 00:00:00+05:30,94.55,96.3,92.7,93.05,305717
2021-09-14 00:00:00+05:30,93.05,96.15,90.45,94.9,404092
2021-09-15 00:00:00+05:30,96.5,96.5,93.5,94.35,235020
2021-09-16 00:00:00+05:30,95.4,95.95,93.55,94.25,170776
2021-09-17 00:00:00+05:30,95.9,95.9,90.25,92.05,375448
2021-09-20 00:00:00+05:30,89.0,93.65,88.7,89.9,337497
2021-09-21 00:00:00+05:30,88.25,89.85,86.0,88.0,414169
2021-09-22 00:00:00+05:30,88.1,92.1,88.1,90.95,369132
2021-09-23 00:00:00+05:30,92.0,94.0,92.0,92.1,173047
2021-09-24 00:00:00+05:30,93.1,93.5,90.1,90.5,122916
2021-09-27 00:00:00+05:30,92.5,92.5,87.75,88.0,363545
2021-09-28 00:00:00+05:30,88.0,90.5,86.0,88.65,271360
2021-09-29 00:00:00+05:30,89.0,89.0,87.2,87.5,302895
2021-09-30 00:00:00+05:30,88.5,89.9,87.0,88.0,245644
2021-10-01 00:00:00+05:30,88.0,92.0,87.7,90.35,278214
2021-10-04 00:00:00+05:30,91.45,94.15,90.0,92.35,490022
2021-10-05 00:00:00+05:30,93.0,95.6,92.6,93.65,239382
2021-10-06 00:00:00+05:30,94.5,94.9,89.65,90.3,302919
2021-10-07 00:00:00+05:30,91.9,93.1,90.55,91.9,162731
2021-10-08 00:00:00+05:30,93.0,93.3,91.2,91.65,134787
2021-10-11 00:00:00+05:30,92.9,93.0,88.95,89.35,498539
2021-10-12 00:00:00+05:30,90.1,92.5,89.7,92.15,320942
2021-10-13 00:00:00+05:30,92.9,93.5,90.6,91.4,302548
2021-10-14 00:00:00+05:30,92.0,92.8,91.0,91.65,183820
2021-10-18 00:00:00+05:30,92.0,93.3,90.2,90.9,246000
2021-10-19 00:00:00+05:30,91.95,92.0,88.0,88.75,258537
2021-10-20 00:00:00+05:30,89.8,89.8,84.0,87.35,289445
2021-10-21 00:00:00+05:30,88.75,89.05,85.9,87.45,152180
2021-10-22 00:00:00+05:30,88.0,88.95,84.8,85.3,209517
2021-10-25 00:00:00+05:30,86.25,86.6,79.7,82.7,277812
2021-10-26 00:00:00+05:30,83.0,88.8,83.0,87.65,188856
2021-10-27 00:00:00+05:30,89.0,89.0,85.0,85.55,140316
2021-10-28 00:00:00+05:30,85.0,86.85,82.1,83.9,196284
2021-10-29 00:00:00+05:30,84.0,85.75,82.55,83.95,115864
2021-11-01 00:00:00+05:30,83.5,84.85,79.8,82.1,353368
2021-11-02 00:00:00+05:30,83.5,84.7,81.9,83.05,141492
2021-11-03 00:00:00+05:30,83.8,91.5,83.65,88.9,549223
2021-11-04 00:00:00+05:30,90.0,92.3,90.0,90.95,234026
2021-11-08 00:00:00+05:30,93.15,93.55,90.05,91.7,290400
2021-11-09 00:00:00+05:30,93.3,93.5,91.25,92.8,262760
2021-11-10 00:00:00+05:30,93.4,93.4,91.5,91.6,182411
2021-11-11 00:00:00+05:30,91.6,93.5,88.2,89.55,328748
2021-11-12 00:00:00+05:30,90.2,90.7,88.6,89.25,161850
2021-11-15 00:00:00+05:30,88.05,92.0,86.1,87.75,323656
2021-11-16 00:00:00+05:30,89.0,90.0,86.85,88.5,261073
2021-11-17 00:00:00+05:30,87.0,91.3,87.0,88.1,189403
2021-11-18 00:00:00+05:30,87.5,89.5,85.8,87.6,177608
2021-11-22 00:00:00+05:30,87.9,88.95,84.4,86.55,191673
2021-11-23 00:00:00+05:30,85.0,91.05,84.75,89.6,234385
2021-11-24 00:00:00+05:30,90.7,91.7,88.2,89.4,188410
2021-11-25 00:00:00+05:30,90.8,91.4,89.05,89.7,118260
2021-11-26 00:00:00+05:30,90.45,90.45,86.4,86.9,181956
2021-11-29 00:00:00+05:30,86.05,87.25,82.75,84.7,231975
2021-11-30 00:00:00+05:30,84.0,89.45,83.85,85.2,175932
2021-12-01 00:00:00+05:30,86.8,86.85,84.3,85.5,125359
2021-12-02 00:00:00+05:30,86.5,89.9,85.15,87.4,158339
2021-12-03 00:00:00+05:30,88.7,89.25,86.5,87.05,102267
2021-12-06 00:00:00+05:30,88.5,88.5,85.7,86.95,164634
2021-12-07 00:00:00+05:30,88.0,89.7,86.5,88.6,175035
2021-12-08 00:00:00+05:30,89.7,90.75,88.7,90.1,206709
2021-12-09 00:00:00+05:30,90.9,91.0,89.45,89.65,150210
2021-12-10 00:00:00+05:30,89.7,90.45,88.8,89.6,93743
2021-12-13 00:00:00+05:30,89.8,92.0,89.35,89.75,219871
2021-12-14 00:00:00+05:30,90.25,90.25,88.5,88.75,65937
2021-12-15 00:00:00+05:30,90.5,90.5,88.05,88.5,100318
2021-12-16 00:00:00+05:30,88.3,89.9,85.2,86.2,154301
2021-12-17 00:00:00+05:30,86.9,86.9,84.45,85.0,99930
2021-12-20 00:00:00+05:30,85.0,85.05,81.0,81.7,144087
2021-12-21 00:00:00+05:30,83.0,84.5,82.15,82.8,66642
2021-12-22 00:00:00+05:30,85.3,85.3,82.1,84.1,89257
2021-12-23 00:00:00+05:30,84.9,86.05,84.25,85.35,57117
2021-12-24 00:00:00+05:30,85.65,85.65,83.75,84.35,79457
2021-12-27 00:00:00+05:30,84.45,84.9,81.0,83.95,65289
2021-12-28 00:00:00+05:30,84.0,85.4,83.0,84.2,88323
2021-12-29 00:00:00+05:30,84.8,84.8,83.5,83.95,76065
2021-12-30 00:00:00+05:30,84.8,90.05,84.05,87.65,285113
2021-12-31 00:00:00+05:30,89.0,95.55,87.9,90.3,926506
2022-01-03 00:00:00+05:30,90.3,90.3,87.3,87.65,406401
2022-01-04 00:00:00+05:30,88.7,88.7,85.8,86.5,181350
2022-01-05 00:00:00+05:30,86.7,92.0,85.75,88.5,514754
2022-01-06 00:00:00+05:30,88.0,90.2,88.0,88.65,158165
2022-01-07 00:00:00+05:30,89.0,90.5,87.8,88.65,190141
2022-01-10 00:00:00+05:30,89.7,89.7,87.55,87.85,150780
2022-01-11 00:00:00+05:30,88.7,89.4,87.15,87.75,168992
2022-01-12 00:00:00+05:30,87.25,88.95,86.5,87.5,126764
2022-01-13 00:00:00+05:30,88.0,88.35,86.2,86.65,106514
2022-01-14 00:00:00+05:30,86.0,87.8,85.0,86.55,134195
2022-01-17 00:00:00+05:30,87.75,87.8,86.4,86.85,172586
2022-01-18 00:00:00+05:30,87.75,87.75,85.15,85.55,145840
2022-01-19 00:00:00+05:30,85.3,86.25,84.35,84.7,120922
2022-01-20 00:00:00+05:30,85.0,85.85,83.75,84.25,146303
2022-01-21 00:00:00+05:30,83.9,84.5,82.7,83.2,99196
2022-01-24 00:00:00+05:30,83.0,83.15,80.0,80.65,154549
2022-01-25 00:00:00+05:30,80.0,82.2,78.0,81.25,131476
2022-01-27 00:00:00+05:30,81.45,82.0,78.85,81.05,144629
2022-01-28 00:00:00+05:30,81.0,86.8,80.15,83.75,233742
2022-01-31 00:00:00+05:30,84.9,86.25,83.55,85.2,177075
2022-02-01 00:00:00+05:30,85.1,86.9,83.35,85.1,146251
2022-02-02 00:00:00+05:30,86.0,93.5,85.4,91.45,840360
2022-02-03 00:00:00+05:30,91.95,94.85,89.0,93.0,640692
2022-02-04 00:00:00+05:30,93.95,100.95,93.05,97.4,1910043
2022-02-07 00:00:00+05:30,97.5,99.55,92.5,93.5,504331
2022-02-08 00:00:00+05:30,93.5,94.55,87.55,89.8,362100
2022-02-09 00:00:00+05:30,90.5,93.4,86.55,88.2,212914
2022-02-10 00:00:00+05:30,87.0,89.7,85.5,86.4,353122
2022-02-11 00:00:00+05:30,86.5,89.5,85.1,87.85,208405
2022-02-14 00:00:00+05:30,85.55,86.2,82.55,83.25,214411
2022-02-15 00:00:00+05:30,85.25,85.25,82.0,84.05,168652
2022-02-16 00:00:00+05:30,85.75,85.75,83.6,84.05,64266
2022-02-17 00:00:00+05:30,85.0,85.2,82.9,83.25,85560
2022-02-18 00:00:00+05:30,82.6,84.3,82.6,83.0,65823
2022-02-21 00:00:00+05:30,83.45,83.45,80.2,80.85,130897
2022-02-22 00:00:00+05:30,80.0,80.7,76.55,77.95,218936
2022-02-23 00:00:00+05:30,80.0,80.55,78.6,79.2,65539
2022-02-24 00:00:00+05:30,77.1,78.1,70.95,72.0,229930
2022-02-25 00:00:00+05:30,73.45,77.95,73.0,77.45,139830
2022-02-28 00:00:00+05:30,76.5,79.05,75.1,78.25,78685
2022-03-02 00:00:00+05:30,78.0,78.0,75.0,76.2,128758
2022-03-03 00:00:00+05:30,75.6,79.4,75.6,76.25,76545
2022-03-04 00:00:00+05:30,76.0,77.7,75.4,76.4,100058
2022-03-07 00:00:00+05:30,73.65,77.0,73.1,74.7,125613
2022-03-08 00:00:00+05:30,73.55,75.9,73.25,75.05,77891
2022-03-09 00:00:00+05:30,76.8,77.7,74.55,75.95,133157
2022-03-10 00:00:00+05:30,77.1,82.0,77.0,78.4,165453
2022-03-11 00:00:00+05:30,78.4,80.7,78.1,78.7,93025
2022-03-14 00:00:00+05:30,79.8,80.9,77.25,79.6,94892
2022-03-15 00:00:00+05:30,80.5,82.7,77.65,78.25,105596
2022-03-16 00:00:00+05:30,78.7,80.85,78.7,79.8,38611
2022-03-17 00:00:00+05:30,81.1,81.4,78.9,79.1,98241
2022-03-21 00:00:00+05:30,80.0,82.0,79.1,79.55,110433
2022-03-22 00:00:00+05:30,79.55,80.35,78.25,78.85,201638
2022-03-23 00:00:00+05:30,81.6,85.7,80.95,85.05,733636
2022-03-24 00:00:00+05:30,85.05,92.7,84.6,91.0,681112
2022-03-25 00:00:00+05:30,92.7,93.8,87.2,87.75,335173
2022-03-28 00:00:00+05:30,88.75,88.95,83.6,84.25,215362
2022-03-29 00:00:00+05:30,85.2,87.4,82.5,83.2,244972
2022-03-30 00:00:00+05:30,83.5,88.15,83.5,85.75,273226
2022-03-31 00:00:00+05:30,86.4,86.95,83.05,84.7,124051
2022-04-01 00:00:00+05:30,84.7,90.0,84.7,88.35,227862
2022-04-04 00:00:00+05:30,90.7,91.75,89.0,90.8,228732
2022-04-05 00:00:00+05:30,91.5,92.0,89.4,89.7,187816
2022-04-06 00:00:00+05:30,91.0,92.9,88.0,91.15,242604
2022-04-07 00:00:00+05:30,92.4,92.4,88.4,89.2,236699
2022-04-08 00:00:00+05:30,90.0,91.5,88.8,90.1,272437
2022-04-11 00:00:00+05:30,91.4,91.4,88.25,88.8,193575
2022-04-12 00:00:00+05:30,89.95,90.0,86.55,87.4,178289
2022-04-13 00:00:00+05:30,88.8,89.1,86.6,87.7,115585
2022-04-18 00:00:00+05:30,88.45,88.45,85.6,86.85,292814
2022-04-19 00:00:00+05:30,88.0,88.0,82.2,83.55,195339
2022-04-20 00:00:00+05:30,84.8,84.95,82.5,83.55,185687
2022-04-21 00:00:00+05:30,83.55,86.0,83.3,84.95,126678
2022-04-22 00:00:00+05:30,85.7,86.0,84.3,84.8,113880
2022-04-25 00:00:00+05:30,85.45,85.7,82.8,83.4,130302
2022-04-26 00:00:00+05:30,85.0,97.9,83.9,96.1,2808489
2022-04-27 00:00:00+05:30,96.0,108.0,94.6,105.15,5549911
2022-04-28 00:00:00+05:30,106.15,108.75,100.55,102.4,2271849
2022-04-29 00:00:00+05:30,103.15,103.15,95.0,95.95,791413
2022-05-02 00:00:00+05:30,92.5,95.9,91.3,95.2,448618
2022-05-04 00:00:00+05:30,95.2,96.65,87.0,88.95,291894
2022-05-05 00:00:00+05:30,91.0,93.05,87.5,87.95,232503
2022-05-06 00:00:00+05:30,85.3,89.9,85.0,87.3,239748
2022-05-09 00:00:00+05:30,85.2,88.95,85.2,87.2,115758
2022-05-10 00:00:00+05:30,88.5,89.7,84.15,85.1,130845
2022-05-11 00:00:00+05:30,84.55,86.5,79.1,82.35,268884
2022-05-12 00:00:00+05:30,82.0,82.35,78.75,80.8,180643
2022-05-13 00:00:00+05:30,81.2,85.2,81.2,84.05,95903
2022-05-16 00:00:00+05:30,84.5,84.5,78.5,79.75,268516
2022-05-17 00:00:00+05:30,79.55,85.1,79.0,84.1,247599
2022-05-18 00:00:00+05:30,84.8,85.4,81.6,82.3,88010
2022-05-19 00:00:00+05:30,80.9,80.9,79.0,80.3,131997
2022-05-20 00:00:00+05:30,82.7,82.7,80.4,80.65,87374
2022-05-23 00:00:00+05:30,80.65,81.9,79.0,79.8,85872
2022-05-24 00:00:00+05:30,78.65,81.2,78.65,79.3,57960
2022-05-25 00:00:00+05:30,80.6,80.6,73.5,74.85,163357
2022-05-26 00:00:00+05:30,75.8,77.6,71.75,74.8,147523
2022-05-27 00:00:00+05:30,75.9,77.5,74.25,76.2,144729
2022-05-30 00:00:00+05:30,78.0,78.8,75.05,77.05,117600
2022-05-31 00:00:00+05:30,76.5,78.9,76.5,77.0,66235
2022-06-01 00:00:00+05:30,77.0,78.9,76.5,77.9,47374
2022-06-02 00:00:00+05:30,78.5,79.3,76.7,78.65,81087
2022-06-03 00:00:00+05:30,79.3,80.7,77.35,77.65,69573
2022-06-06 00:00:00+05:30,77.35,77.85,74.7,75.25,91537
2022-06-07 00:00:00+05:30,76.5,77.35,73.7,74.2,121380
2022-06-08 00:00:00+05:30,74.4,75.6,73.35,74.0,108813
2022-06-09 00:00:00+05:30,74.9,75.2,73.2,74.05,117204
2022-06-10 00:00:00+05:30,73.9,75.0,72.0,72.5,240617
2022-06-13 00:00:00+05:30,70.5,71.7,66.5,68.75,267096
2022-06-14 00:00:00+05:30,70.05,71.1,69.1,69.75,155705
2022-06-15 00:00:00+05:30,70.8,71.0,68.5,69.5,111256
2022-06-16 00:00:00+05:30,71.0,73.3,62.75,64.65,404396
2022-06-17 00:00:00+05:30,65.6,66.45,63.1,66.0,161266
2022-06-20 00:00:00+05:30,67.0,67.0,60.8,61.7,286249
2022-06-21 00:00:00+05:30,62.65,64.9,62.0,63.95,153832
2022-06-22 00:00:00+05:30,64.0,64.5,63.05,63.7,68306
2022-06-23 00:00:00+05:30,63.7,66.75,63.1,63.65,57230
2022-06-24 00:00:00+05:30,64.45,65.3,63.6,64.5,119258
2022-06-27 00:00:00+05:30,65.45,66.85,64.95,65.85,126963
2022-06-28 00:00:00+05:30,65.8,68.0,64.55,66.5,161334
2022-06-29 00:00:00+05:30,65.75,69.95,65.4,68.5,355209
2022-06-30 00:00:00+05:30,69.05,70.5,67.3,67.85,106118
2022-07-01 00:00:00+05:30,68.2,68.3,65.2,66.55,100426
2022-07-04 00:00:00+05:30,67.2,68.3,65.2,67.65,188668
2022-07-05 00:00:00+05:30,68.2,68.5,65.2,66.1,212200
2022-07-06 00:00:00+05:30,66.9,66.9,64.95,65.8,98114
2022-07-07 00:00:00+05:30,66.7,66.8,64.9,65.9,133957
2022-07-08 00:00:00+05:30,65.9,66.95,65.4,65.9,133306
2022-07-11 00:00:00+05:30,65.85,66.65,65.7,66.45,117900
2022-07-12 00:00:00+05:30,66.9,68.0,66.6,66.9,171280
2022-07-13 00:00:00+05:30,67.8,67.8,65.1,65.65,107733
2022-07-14 00:00:00+05:30,66.0,66.85,64.8,66.2,165268
2022-07-15 00:00:00+05:30,66.2,66.95,66.0,66.45,55224
2022-07-18 00:00:00+05:30,66.85,68.75,66.3,67.75,115152
2022-07-19 00:00:00+05:30,67.8,70.6,67.3,69.6,317856
2022-07-20 00:00:00+05:30,70.0,71.45,69.2,69.9,196910
2022-07-21 00:00:00+05:30,70.45,70.45,68.75,69.45,92707
2022-07-22 00:00:00+05:30,70.55,70.55,68.4,68.9,94751
2022-07-25 00:00:00+05:30,69.5,69.5,67.4,68.25,77407
2022-07-26 00:00:00+05:30,69.5,69.5,67.2,67.45,43128
2022-07-27 00:00:00+05:30,68.0,68.0,65.95,66.75,110624
2022-07-28 00:00:00+05:30,67.0,67.95,66.7,67.65,72634
2022-07-29 00:00:00+05:30,68.65,68.75,68.0,68.15,70092
2022-08-01 00:00:00+05:30,68.55,70.15,67.5,68.15,187723
2022-08-02 00:00:00+05:30,68.5,69.05,67.05,68.45,117921
2022-08-03 00:00:00+05:30,69.75,69.8,67.45,68.65,107003
2022-08-04 00:00:00+05:30,69.45,69.5,67.7,68.45,91663
2022-08-05 00:00:00+05:30,69.4,69.4,67.65,67.9,104095
2022-08-08 00:00:00+05:30,69.0,69.0,67.5,67.7,65400
2022-08-10 00:00:00+05:30,69.05,69.05,66.6,67.35,112253
2022-08-11 00:00:00+05:30,66.4,68.95,66.3,67.55,178937
2022-08-12 00:00:00+05:30,68.05,70.85,67.6,69.8,365437
2022-08-16 00:00:00+05:30,70.75,71.15,69.5,70.65,156110
2022-08-17 00:00:00+05:30,71.25,72.5,70.0,71.95,192199
2022-08-18 00:00:00+05:30,72.45,72.45,70.4,70.6,111115
2022-08-19 00:00:00+05:30,70.1,71.2,68.45,69.3,159725
2022-08-22 00:00:00+05:30,69.75,69.75,67.75,68.05,104270
2022-08-23 00:00:00+05:30,68.75,68.75,67.5,68.0,80148
2022-08-24 00:00:00+05:30,68.2,69.0,67.75,68.35,52570
2022-08-25 00:00:00+05:30,69.4,69.8,68.0,68.25,61691
2022-08-26 00:00:00+05:30,69.45,69.45,68.15,69.1,68450
2022-08-29 00:00:00+05:30,66.0,69.1,66.0,68.4,127829
2022-08-30 00:00:00+05:30,69.9,69.9,68.25,68.5,91601
2022-09-01 00:00:00+05:30,69.25,75.15,68.1,73.9,400069
2022-09-02 00:00:00+05:30,74.7,77.0,72.5,75.85,416382
2022-09-05 00:00:00+05:30,76.2,76.55,73.25,74.4,564021
2022-09-06 00:00:00+05:30,74.9,75.3,72.4,72.85,183116
2022-09-07 00:00:00+05:30,72.65,73.35,71.1,72.25,86411
2022-09-08 00:00:00+05:30,73.0,73.85,71.75,72.85,130368
2022-09-09 00:00:00+05:30,72.85,73.5,70.5,70.95,166576
2022-09-12 00:00:00+05:30,71.0,72.3,70.5,71.2,138882
2022-09-13 00:00:00+05:30,71.25,73.7,71.25,72.7,164805
2022-09-14 00:00:00+05:30,71.7,72.5,71.05,71.6,101115
2022-09-15 00:00:00+05:30,72.05,73.9,71.8,72.85,127568
2022-09-16 00:00:00+05:30,72.95,73.3,71.0,71.05,92695
2022-09-19 00:00:00+05:30,70.0,71.9,69.4,70.6,110934
2022-09-20 00:00:00+05:30,71.45,71.95,70.7,71.05,92062
2022-09-21 00:00:00+05:30,71.9,72.2,70.5,70.7,126902
2022-09-22 00:00:00+05:30,71.1,71.15,69.45,70.25,65905
2022-09-23 00:00:00+05:30,70.85,71.5,68.7,70.85,159466
2022-09-26 00:00:00+05:30,69.0,72.4,69.0,70.3,230044
2022-09-27 00:00:00+05:30,71.1,71.85,70.1,70.95,81062
2022-09-28 00:00:00+05:30,70.9,71.75,70.2,71.3,55718
2022-09-29 00:00:00+05:30,72.0,72.7,71.25,71.6,150893
2022-09-30 00:00:00+05:30,71.5,73.0,71.2,72.1,71125
2022-10-03 00:00:00+05:30,71.9,72.55,70.05,70.25,73376
2022-10-04 00:00:00+05:30,71.3,71.3,70.25,70.6,36249
2022-10-06 00:00:00+05:30,71.75,72.0,70.25,70.4,53471
2022-10-07 00:00:00+05:30,70.8,73.5,70.25,72.4,65546
2022-10-10 00:00:00+05:30,72.2,75.3,71.5,74.35,136632
2022-10-11 00:00:00+05:30,74.4,74.85,70.7,71.1,69968
2022-10-12 00:00:00+05:30,71.8,71.8,69.95,70.85,90408
2022-10-13 00:00:00+05:30,71.25,71.25,69.45,69.95,60044
2022-10-14 00:00:00+05:30,70.7,72.1,70.0,70.25,52262
2022-10-17 00:00:00+05:30,70.0,70.8,69.0,69.4,46828
2022-10-18 00:00:00+05:30,70.2,70.2,68.0,68.3,80850
